epoch,loss,lr,elapsed
1,2.719803,0.00055,33.68
2,1.827268,0.001,33.48
3,1.535767,0.00096198,33.47
4,1.365157,0.0008537,33.56
5,1.080792,0.00069165,33.75
6,1.021268,0.0005005,33.63
7,0.823948,0.00030935,33.76
8,0.656118,0.0001473,33.59
9,0.654558,3.902e-05,33.69
10,0.630622,1e-06,33.64
