epoch,loss,lr,elapsed
1,2.665603,0.00055,35.0
2,2.176881,0.001,33.58
3,2.169624,0.00096198,33.66
4,2.072342,0.0008537,33.82
5,1.980051,0.00069165,33.46
6,1.683754,0.0005005,33.59
7,1.465365,0.00030935,33.79
8,1.288829,0.0001473,34.01
9,1.149226,3.902e-05,33.69
10,1.045929,1e-06,33.57
