epoch,loss,lr,elapsed
1,2.624346,0.00055,33.88
2,2.072885,0.001,33.67
3,2.066245,0.00096198,34.04
4,1.921818,0.0008537,33.89
5,1.698924,0.00069165,34.0
6,1.581704,0.0005005,33.6
7,1.357568,0.00030935,33.69
8,1.193146,0.0001473,33.48
9,1.054921,3.902e-05,33.6
10,1.006994,1e-06,33.68
