epoch,loss,lr,elapsed
1,2.573644,0.00055,33.78
2,1.945294,0.001,33.56
3,1.788223,0.00096198,33.63
4,1.704871,0.0008537,33.38
5,1.41511,0.00069165,33.69
6,1.267603,0.0005005,33.61
7,1.046392,0.00030935,33.57
8,0.899325,0.0001473,33.33
9,0.815078,3.902e-05,33.55
10,0.736187,1e-06,33.6
