{
  "channel": "K",
  "accuracy": 0.9460526315789474,
  "macro_f1": 0.9318368315017657,
  "mae": 0.09868421052631579,
  "n_samples": 1520
}