{
  "channel": "M",
  "accuracy": 0.9592105263157895,
  "macro_f1": 0.9477723001543308,
  "mae": 0.06315789473684211,
  "n_samples": 1520
}