{
  "channel": "C",
  "accuracy": 0.9552631578947368,
  "macro_f1": 0.9443697406413653,
  "mae": 0.057236842105263155,
  "n_samples": 1520
}