{
  "channel": "Y",
  "accuracy": 0.9361842105263158,
  "macro_f1": 0.9324539778401008,
  "mae": 0.1006578947368421,
  "n_samples": 1520
}