{
  "learning_rate": 0.0002637034696224834,
  "batch_size": 32,
  "weight_decay": 0.00030082578247745263,
  "epochs": 23,
  "dropout": 0.2613633292176778,
  "hidden_dim": 128
}